patient_id,ARID1A,ATM,ATRX,CDKN2A,COL5A2,CREBBP,EGFR,FAT1,KEAP1,KMT2C,KMT2D,KRAS,MGA,NF1,PIK3CA,RBM10,SETD2,SMARCA4,STK11,TP53
CRUK0001,0,0,0,0,0,0,0,0,0,0,0,0,1,0,0,0,0,0,0,1
CRUK0002,0,0,0,0,0,0,0,0,0,0,0,0,0,1,0,0,0,0,0,0
CRUK0003,0,0,0,0,0,0,1,0,0,0,0,0,0,0,1,0,0,0,0,0
CRUK0004,0,0,0,0,0,0,1,0,0,0,0,0,0,0,0,0,0,0,0,1
CRUK0005,0,0,1,0,0,0,0,0,0,0,0,0,0,0,0,0,0,0,0,1
CRUK0006,0,0,0,0,0,0,0,0,1,0,0,0,0,0,0,0,0,0,0,1
CRUK0007,0,0,0,0,0,0,1,0,0,0,0,0,0,0,1,0,0,0,0,0
CRUK0008,0,0,0,0,0,0,0,0,1,0,0,0,0,0,0,0,0,0,1,0
CRUK0009,0,0,0,0,0,0,0,0,0,1,0,0,0,0,0,0,0,0,0,1
CRUK0010,0,0,0,0,0,0,1,0,0,0,0,0,0,0,0,0,1,0,0,0
CRUK0011,0,0,0,0,0,0,0,0,0,0,0,1,0,0,0,0,0,0,0,0
CRUK0012,0,0,0,0,0,0,1,0,0,0,0,0,0,0,0,0,0,0,0,0
CRUK0013,0,0,0,0,0,0,0,0,0,0,0,0,0,0,0,0,0,0,1,0
CRUK0014,0,0,0,0,0,0,0,0,0,0,0,1,0,0,0,0,0,0,0,1
CRUK0015,0,0,0,0,0,0,1,0,0,0,0,0,0,0,0,0,0,0,0,1
CRUK0016,0,0,0,0,0,0,0,1,0,0,0,0,0,0,0,0,0,0,0,1
CRUK0017,0,0,0,0,0,0,0,0,1,0,0,1,0,0,0,0,0,0,0,1
CRUK0018,0,0,0,0,1,0,0,0,0,0,0,1,1,0,0,0,0,0,0,0
CRUK0019,0,0,0,0,0,0,1,0,0,0,0,0,0,0,0,0,0,0,0,0
CRUK0020,0,0,0,0,0,0,0,0,1,0,0,0,1,0,1,0,0,0,0,1
CRUK0021,0,0,0,0,0,0,1,0,0,0,0,0,0,0,0,1,0,0,0,1
CRUK0022,0,0,0,0,0,0,1,0,0,0,0,0,0,0,0,0,0,0,0,1
CRUK0023,0,0,0,0,0,0,0,0,0,0,1,1,0,0,0,0,0,0,0,1
CRUK0024,0,1,0,0,0,0,0,0,0,0,0,0,0,0,0,0,0,0,1,1
CRUK0025,0,0,0,0,0,0,0,0,0,0,0,1,1,0,0,1,0,0,0,1
CRUK0026,0,0,0,0,0,0,1,0,0,0,0,0,0,0,0,0,0,0,0,1
CRUK0027,0,0,0,0,0,0,0,0,0,0,0,1,0,0,0,0,0,0,0,0
CRUK0028,0,0,0,0,0,0,0,0,0,0,0,0,0,0,1,0,0,0,0,1
CRUK0029,0,0,0,0,0,0,0,0,0,0,0,0,1,0,0,0,0,0,0,1
CRUK0030,0,0,0,0,0,0,0,0,0,0,1,1,0,1,0,0,1,0,0,1
CRUK0032,0,1,0,0,0,0,0,0,0,0,0,1,0,0,0,0,0,0,0,0
CRUK0033,0,0,0,0,0,0,0,0,1,0,0,0,0,0,0,0,0,0,0,0
CRUK0034,0,1,0,0,0,0,0,0,0,0,0,1,1,0,0,0,0,0,0,0
CRUK0035,0,0,0,0,0,0,0,0,0,0,0,0,0,0,0,0,0,0,0,1
CRUK0036,0,0,0,0,0,0,0,0,1,0,0,1,0,0,1,0,0,1,0,0
CRUK0037,0,0,0,0,0,1,0,0,0,0,0,1,0,0,0,1,0,0,0,0
CRUK0038,0,0,0,0,0,0,0,0,0,0,1,1,0,0,0,0,0,0,0,0
CRUK0039,0,0,0,0,0,0,0,0,0,0,0,1,0,1,0,0,0,0,0,0
CRUK0040,0,0,0,0,0,0,0,0,0,0,0,1,0,0,0,0,0,0,0,0
CRUK0041,0,0,0,0,0,0,0,0,0,0,0,0,0,0,0,0,0,0,0,0
CRUK0042,0,0,0,0,0,0,0,0,0,0,0,1,0,0,0,0,0,0,0,0
CRUK0043,0,0,0,0,0,0,0,0,0,0,0,0,0,0,0,0,0,0,0,0
CRUK0044,0,0,0,0,0,0,0,0,0,0,0,1,0,0,0,0,0,0,0,0
CRUK0045,0,0,0,0,0,0,0,0,0,0,0,0,0,0,0,0,0,0,0,0
CRUK0046,0,0,0,0,0,0,0,0,1,0,0,0,0,0,0,0,0,0,1,0
CRUK0047,0,0,0,0,0,0,0,0,0,0,0,1,0,0,0,0,0,0,1,0
CRUK0048,0,0,0,0,0,0,0,0,0,0,0,1,0,0,0,0,0,0,0,1
CRUK0049,0,0,0,0,0,0,0,0,0,0,0,0,0,0,0,1,0,0,0,1
CRUK0050,0,0,0,0,0,0,0,0,0,0,0,1,0,0,0,0,0,0,1,0
CRUK0051,0,0,0,0,0,0,0,0,0,0,0,1,0,0,0,0,0,0,0,1
CRUK0052,1,0,0,0,0,0,0,0,1,0,1,1,1,1,0,0,0,0,0,1
CRUK0053,0,0,0,0,1,0,0,1,0,0,0,0,0,0,0,0,0,0,0,1
CRUK0054,0,0,0,0,0,0,1,0,0,0,0,0,0,0,0,0,0,0,0,0
CRUK0055,0,0,0,0,0,0,0,1,0,0,0,0,0,0,0,0,0,0,0,0
CRUK0056,0,0,0,0,0,1,0,1,0,0,0,0,0,0,0,0,0,0,0,1
CRUK0057,0,0,1,0,0,0,0,0,0,0,0,1,0,0,0,0,0,1,0,0
CRUK0058,0,0,0,0,0,0,1,0,0,0,0,0,0,0,0,0,0,0,0,1
CRUK0059,0,0,0,0,0,0,0,0,0,0,0,1,0,0,0,0,0,0,0,0
CRUK0060,0,0,0,0,1,0,0,1,0,1,0,0,0,1,0,0,0,0,0,1
CRUK0061,0,0,0,0,0,0,0,0,0,0,0,0,0,0,0,0,0,0,1,0
CRUK0062,0,0,1,0,0,0,0,0,0,0,0,0,0,0,0,0,0,0,0,1
CRUK0063,0,0,0,1,0,0,0,0,0,0,0,0,0,1,1,0,0,0,0,1
CRUK0064,0,0,0,0,0,0,0,1,0,0,0,0,0,0,0,0,0,0,0,1
CRUK0065,1,0,0,0,0,0,0,0,0,0,0,0,0,0,1,0,0,0,0,1
CRUK0066,0,0,0,1,1,0,0,0,0,0,0,0,0,0,0,0,0,0,0,1
CRUK0067,0,0,0,0,0,0,0,0,0,0,0,0,0,0,0,0,0,0,0,1
CRUK0068,0,0,0,0,0,0,0,0,0,0,1,0,1,0,0,0,1,0,0,1
CRUK0069,0,0,0,0,0,0,0,1,0,0,0,1,0,0,0,0,0,0,0,1
CRUK0070,0,0,0,0,0,0,0,0,0,0,0,0,0,0,0,0,0,0,0,1
CRUK0071,0,0,0,0,0,0,0,0,0,0,0,0,0,0,0,0,0,0,0,1
CRUK0072,0,0,0,0,0,0,0,0,0,0,0,0,0,0,0,0,0,0,0,1
CRUK0073,0,0,1,1,0,0,0,1,0,0,1,0,0,0,0,0,0,0,0,0
CRUK0074,0,0,0,0,0,0,0,0,0,0,0,0,0,0,0,0,0,0,0,1
CRUK0075,0,0,0,0,0,0,0,1,0,0,0,0,1,0,1,0,0,0,0,1
CRUK0076,0,0,0,0,1,0,0,0,0,0,0,0,0,0,0,0,0,0,0,1
CRUK0077,0,0,0,0,0,0,0,0,1,0,0,0,0,0,0,0,0,0,0,1
CRUK0078,0,0,0,0,0,0,0,0,0,0,0,0,0,0,0,0,0,0,0,0
CRUK0079,0,0,0,0,0,0,0,1,0,0,0,0,0,0,0,0,0,0,0,1
CRUK0080,0,0,0,0,0,0,0,0,0,0,0,0,0,0,0,0,0,0,0,1
CRUK0081,0,0,0,1,0,0,0,1,0,0,0,0,0,0,0,0,0,0,0,1
CRUK0083,0,0,0,0,0,0,0,0,0,0,0,0,0,0,1,0,0,0,0,1
CRUK0084,0,0,0,0,0,1,0,0,0,0,0,0,0,0,0,0,0,0,0,0
CRUK0085,0,0,0,0,0,1,0,0,0,0,0,0,0,0,0,0,0,0,0,0
CRUK0086,0,0,0,0,0,0,0,0,0,0,0,0,0,0,0,0,0,0,0,1
CRUK0087,0,0,0,0,0,0,0,0,0,0,0,0,0,0,1,0,0,0,0,1
CRUK0088,0,0,0,0,0,0,0,0,0,0,0,0,0,0,0,0,0,0,0,1
CRUK0089,0,0,0,0,0,0,0,0,1,0,0,0,0,0,1,0,0,0,0,0
CRUK0090,0,0,0,1,0,0,0,0,0,0,0,0,0,0,0,0,0,0,0,0
CRUK0091,0,0,0,1,0,0,0,0,0,0,0,0,0,0,0,0,0,1,0,1
CRUK0092,0,0,0,0,0,0,0,0,0,0,0,0,0,0,1,0,0,0,0,1
CRUK0093,0,0,0,1,1,0,0,0,0,0,0,0,0,0,0,0,0,0,0,1
CRUK0094,0,0,0,0,0,0,0,0,0,0,0,0,0,0,0,0,0,1,0,0
CRUK0095,0,0,0,0,0,0,0,0,0,0,0,0,0,1,0,0,0,0,0,1
CRUK0096,0,0,0,0,0,0,0,0,0,0,0,0,0,0,0,0,0,0,0,0
CRUK0097,0,0,0,0,0,0,0,0,0,0,0,0,0,0,0,0,0,0,0,1
CRUK0098,0,0,0,0,0,0,0,0,0,0,0,0,0,0,0,0,0,0,0,1
CRUK0099,0,0,0,0,0,0,0,0,1,0,0,0,0,0,0,0,0,0,1,1
CRUK0100,0,0,0,0,1,0,0,0,0,0,0,0,0,0,0,0,0,0,1,1
CRUK0115,0,0,0,0,0,0,0,0,0,0,0,1,0,0,0,1,0,0,0,1
CRUK0117,0,0,0,0,1,0,0,0,0,0,1,0,1,1,0,0,1,0,0,1
CRUK0118,0,0,0,0,0,0,0,0,0,0,0,0,0,0,0,0,0,0,0,0
CRUK0124,0,0,0,0,0,0,1,0,0,0,0,0,0,0,0,0,0,0,0,0
CRUK0128,0,0,0,0,0,0,0,0,0,0,0,1,0,0,0,0,0,0,0,0
CRUK0129,0,0,0,0,0,0,0,0,0,0,0,0,0,1,1,0,0,0,0,0
CRUK0134,1,0,0,0,0,0,0,1,0,0,0,0,0,0,0,0,1,0,0,1
CRUK0142,0,0,1,0,0,0,0,0,0,0,1,0,0,0,0,0,0,0,1,0
CRUK0146,0,0,0,0,0,0,0,0,0,0,0,0,0,0,0,0,0,0,0,1
CRUK0150,0,0,0,0,0,1,0,0,0,0,0,0,0,0,0,0,0,0,0,1
CRUK0157,0,0,0,0,0,1,0,0,0,0,0,0,0,0,0,0,0,0,0,1
CRUK0159,0,0,0,0,0,0,0,0,0,0,0,1,1,0,0,0,0,0,0,1
CRUK0173,0,0,0,0,0,0,0,0,0,0,0,0,0,1,1,0,0,0,0,1
CRUK0177,0,0,0,0,0,0,0,0,0,0,0,0,0,0,1,0,0,0,0,0
CRUK0178,0,0,0,1,0,0,0,0,0,0,0,0,0,0,0,0,0,0,0,1
CRUK0182,0,0,0,0,0,0,0,0,0,0,0,1,0,0,0,0,0,0,0,0
CRUK0183,0,0,0,0,0,0,0,0,0,1,1,0,0,0,0,0,0,0,0,1
CRUK0193,0,0,0,0,0,0,0,0,0,0,0,0,0,0,0,0,0,0,0,0
CRUK0196,0,0,0,0,0,0,0,0,0,0,0,1,0,0,0,0,0,0,0,1
CRUK0199,0,0,0,0,0,0,0,0,0,0,0,0,0,0,0,0,0,0,0,1
CRUK0201,0,0,0,0,0,1,0,1,0,0,0,0,0,0,1,0,0,0,0,1
CRUK0202,0,0,0,0,0,0,0,0,0,0,0,0,0,0,0,0,0,0,0,1
CRUK0206,0,1,0,0,0,0,0,0,0,0,0,1,0,0,0,1,0,0,0,0
CRUK0212,0,0,0,0,0,0,0,0,0,0,1,1,0,0,0,0,0,0,0,0
CRUK0213,0,0,0,1,0,0,0,0,1,0,0,0,0,0,1,0,0,0,0,1
CRUK0218,0,0,0,0,0,0,0,0,0,0,0,0,0,0,0,0,0,0,1,1
CRUK0223,0,0,0,0,0,0,0,0,1,1,0,1,0,0,0,0,0,1,0,1
CRUK0227,0,0,0,0,0,0,0,0,0,0,0,0,0,0,0,0,0,0,0,1
CRUK0232,0,0,0,0,0,0,0,0,0,0,0,0,0,0,0,0,0,0,0,1
CRUK0233,0,1,1,0,0,0,0,0,0,0,0,1,0,0,0,0,0,0,0,1
CRUK0235,1,0,0,0,0,0,0,0,0,0,0,0,0,0,0,0,1,0,0,0
CRUK0236,0,0,0,0,0,0,0,0,0,0,1,0,0,0,0,0,1,0,0,1
CRUK0240,0,0,0,1,0,0,0,0,0,0,0,0,0,0,0,0,0,0,0,1
CRUK0241,0,0,0,0,0,0,0,0,0,0,1,0,0,0,0,0,0,0,0,1
CRUK0242,0,0,0,0,0,0,0,0,0,0,1,0,0,0,0,0,0,0,0,1
CRUK0244,0,0,0,0,0,0,0,1,0,0,0,0,0,0,0,0,0,0,0,1
CRUK0245,0,0,0,0,0,0,0,0,0,0,0,0,0,0,0,0,0,0,0,0
CRUK0246,0,0,0,0,0,0,0,0,0,0,0,0,0,0,0,0,0,0,0,1
CRUK0247,0,0,0,0,0,0,0,0,0,0,0,1,0,0,0,0,0,0,1,0
CRUK0249,0,0,0,0,0,0,0,0,1,0,0,0,0,0,0,0,0,0,0,1
CRUK0250,0,0,0,0,0,0,0,0,0,0,0,1,0,0,0,0,0,0,0,1
CRUK0253,0,0,0,0,0,0,0,0,0,0,0,0,0,0,0,0,1,0,0,0
CRUK0254,0,0,0,0,0,0,0,0,0,0,1,0,0,0,0,0,0,0,0,1
CRUK0256,0,0,0,1,0,0,0,0,0,0,0,0,0,0,0,0,0,0,0,1
CRUK0259,0,0,0,0,0,0,0,0,0,0,0,1,0,0,0,0,0,0,0,0
CRUK0260,0,0,0,0,0,0,0,0,0,0,0,0,0,0,1,0,0,0,0,1
CRUK0267,0,0,0,0,0,0,1,0,0,0,0,0,0,0,0,0,0,0,0,1
CRUK0269,0,0,0,1,0,0,0,0,0,0,0,0,0,1,0,0,0,0,0,1
CRUK0270,0,0,0,0,0,0,0,0,0,0,0,0,0,0,0,0,0,1,1,0
CRUK0271,0,0,0,0,0,0,0,0,1,0,1,1,0,0,0,0,0,1,1,1
CRUK0272,0,0,0,0,0,0,0,0,0,0,0,0,0,0,0,0,0,0,1,1
CRUK0273,0,0,0,0,0,0,0,0,1,0,0,0,0,0,0,0,0,0,0,1
CRUK0274,1,1,0,0,0,0,0,0,0,0,0,1,0,0,0,0,0,0,0,1
CRUK0276,0,0,0,0,0,0,0,0,0,0,0,1,0,1,0,0,0,0,0,1
CRUK0278,0,0,0,0,0,0,0,0,0,0,0,0,0,1,0,0,0,0,0,1
CRUK0279,0,0,0,0,0,0,0,0,0,0,0,0,0,0,0,0,0,0,0,0
CRUK0280,0,0,0,0,0,0,0,0,0,0,0,1,0,0,0,0,0,0,0,0
CRUK0284,0,1,0,0,0,0,0,0,0,0,0,1,0,0,0,0,0,0,1,1
CRUK0285,0,0,0,0,0,0,0,0,0,0,0,0,0,1,1,0,0,0,0,1
CRUK0286,1,0,0,0,0,0,0,0,0,0,0,0,0,0,0,0,1,0,0,1
CRUK0287,0,1,0,0,1,0,0,0,0,0,0,1,0,0,0,0,0,1,0,0
CRUK0290,0,0,0,0,0,0,0,1,0,0,0,0,0,0,0,0,0,0,0,1
CRUK0293,0,0,0,0,0,0,0,0,0,0,0,0,0,0,1,0,0,0,0,0
CRUK0296,0,0,0,0,0,0,0,0,0,0,0,1,0,0,0,0,0,0,1,0
CRUK0297,0,0,0,0,0,0,1,0,0,1,0,0,0,0,0,0,0,0,0,0
CRUK0299,0,0,0,0,0,1,1,0,0,0,0,0,0,0,0,0,0,0,0,1
CRUK0301,0,0,0,0,0,0,0,0,1,0,0,1,1,1,0,1,0,0,0,1
CRUK0303,0,0,0,0,1,0,0,1,0,1,0,0,0,0,0,0,0,0,0,0
CRUK0305,0,0,0,0,0,0,0,0,0,0,0,0,0,0,0,0,0,0,0,0
CRUK0308,0,0,0,0,0,0,0,0,0,0,0,0,0,0,0,0,0,0,0,1
CRUK0310,0,0,0,0,0,0,0,0,0,0,0,0,0,0,0,0,0,0,0,1
CRUK0311,0,0,0,0,0,0,0,1,0,0,0,0,0,0,0,0,0,0,0,1
CRUK0312,0,0,0,0,0,0,0,0,0,0,0,0,0,0,0,0,0,0,0,1
CRUK0313,0,0,0,0,0,0,0,0,0,0,0,1,1,0,0,0,0,0,0,0
CRUK0314,0,0,0,0,0,0,0,0,0,0,0,1,0,0,0,0,0,0,1,0
CRUK0315,0,0,0,0,0,0,0,0,0,0,1,0,0,0,0,0,0,0,0,1
CRUK0316,0,0,0,0,0,0,0,0,1,0,0,1,0,0,0,0,0,1,1,0
CRUK0318,0,0,0,0,0,0,0,0,0,0,0,0,1,0,0,0,0,0,0,1
CRUK0319,0,0,0,0,0,0,1,0,0,0,0,0,0,0,0,0,0,0,0,0
CRUK0321,0,0,0,0,0,0,0,0,0,0,0,0,0,0,0,0,0,0,0,1
CRUK0322,0,0,1,0,0,0,0,0,0,1,0,1,0,0,1,0,0,0,0,1
CRUK0324,0,0,0,0,0,0,0,0,0,0,0,0,0,0,0,0,0,0,0,0
CRUK0325,0,0,0,0,0,0,0,0,0,0,0,1,0,0,1,0,0,0,0,1
CRUK0328,0,0,0,0,0,0,0,0,0,0,0,0,0,1,0,0,0,0,0,1
CRUK0329,0,0,0,0,0,0,0,1,0,0,1,0,0,0,1,0,0,0,0,1
CRUK0331,0,0,0,0,0,0,1,0,0,0,0,0,0,0,0,0,0,0,0,0
CRUK0333,0,0,0,0,0,0,0,0,0,0,0,1,0,0,0,0,0,0,0,0
CRUK0334,0,0,0,0,0,0,0,0,0,0,0,1,0,0,0,0,0,0,0,1
CRUK0337,0,0,0,0,0,1,0,0,0,0,0,1,0,1,0,0,1,0,0,1
CRUK0339,0,0,0,0,0,0,0,0,0,0,0,1,0,0,0,0,0,0,1,0
CRUK0343,0,0,0,0,0,0,0,0,0,0,0,0,0,0,0,0,0,0,0,0
CRUK0344,0,0,0,0,0,0,0,0,0,0,0,0,0,0,0,0,0,0,0,1
CRUK0346,0,0,0,0,0,0,0,0,0,0,0,0,0,0,0,0,0,0,0,1
CRUK0349,0,0,0,0,0,0,0,0,0,0,0,0,0,0,0,0,0,1,0,1
CRUK0350,0,0,0,1,0,0,0,1,0,0,0,0,0,0,0,0,0,1,0,1
CRUK0352,0,1,0,0,0,0,0,1,0,1,1,1,1,0,0,0,0,0,0,0
CRUK0359,0,0,0,0,0,0,0,0,0,0,0,1,0,0,0,0,0,0,0,0
CRUK0361,1,0,1,0,0,1,0,0,1,0,0,1,0,0,0,0,0,1,1,0
CRUK0366,0,1,0,0,0,0,0,0,0,0,0,1,0,0,0,0,0,0,0,1
CRUK0367,1,0,0,0,0,0,0,0,0,0,0,1,0,0,0,0,0,0,0,0
CRUK0368,0,0,0,0,0,0,0,0,1,0,0,0,0,1,1,0,0,1,0,1
CRUK0369,0,0,0,0,0,1,0,0,0,0,0,0,1,0,0,1,0,1,0,1
CRUK0370,0,0,1,0,0,0,0,0,0,0,0,0,0,0,0,0,0,0,0,1
CRUK0371,0,0,0,0,0,0,0,0,1,0,0,1,0,0,0,0,0,0,1,0
CRUK0372,0,0,0,1,0,0,0,1,0,0,0,1,1,0,0,0,1,0,0,1
CRUK0373,0,0,0,0,0,0,0,1,0,0,0,0,0,0,0,0,0,0,0,0
CRUK0375,0,0,0,1,0,0,0,0,0,0,0,0,0,0,0,0,0,1,0,1
CRUK0377,0,0,1,0,0,0,0,1,0,0,0,1,0,0,0,0,0,0,0,1
CRUK0379,0,0,0,0,0,0,0,0,0,0,0,1,1,0,0,0,0,0,1,1
CRUK0380,0,0,0,0,0,0,0,0,0,0,0,1,0,0,0,0,0,0,1,0
CRUK0381,1,0,0,0,0,1,0,0,0,0,0,0,0,1,0,0,0,0,0,1
CRUK0382,0,0,0,0,0,0,0,0,0,0,0,0,0,0,1,0,0,0,0,1
CRUK0384,1,0,1,1,0,0,0,0,0,0,1,0,0,0,0,0,1,0,0,1
CRUK0385,0,0,1,0,0,1,0,1,1,0,1,0,0,0,0,0,0,0,0,1
CRUK0386,0,0,0,0,0,0,0,0,0,0,0,0,0,0,0,0,0,0,0,1
CRUK0388,0,0,0,0,0,0,1,0,0,0,0,0,0,0,0,0,0,0,0,0
CRUK0392,0,0,0,0,0,0,0,0,0,0,0,0,0,0,0,0,0,0,0,1
CRUK0393,0,0,0,1,0,0,0,0,1,0,0,0,0,0,0,0,0,0,0,1
CRUK0394,1,0,0,1,0,0,0,0,0,0,0,0,0,0,0,0,0,0,0,1
CRUK0396,0,0,0,0,0,0,0,0,0,0,0,0,0,0,0,0,1,0,0,1
CRUK0401,0,0,0,0,0,0,0,0,1,0,0,0,0,0,0,0,0,0,0,1
CRUK0402,0,0,0,0,0,0,0,0,0,0,0,0,0,0,0,0,0,0,0,0
CRUK0403,0,0,0,0,0,0,0,0,0,0,0,0,0,0,0,0,0,0,0,1
CRUK0404,0,0,0,1,0,0,0,0,0,0,0,0,0,0,0,0,0,0,0,1
CRUK0406,0,1,0,0,0,0,0,0,0,0,0,0,0,0,0,0,0,0,0,0
CRUK0407,0,0,0,0,0,0,0,0,1,0,0,0,0,0,0,0,1,0,1,0
CRUK0408,0,0,0,0,0,0,0,0,0,0,0,1,0,0,0,0,0,0,0,1
CRUK0409,1,0,0,0,0,0,0,0,0,0,0,0,0,0,0,0,0,0,0,1
CRUK0410,0,0,1,0,0,0,1,0,0,0,0,0,0,0,1,0,0,0,0,0
CRUK0412,0,0,0,0,0,0,0,0,0,0,0,1,0,0,0,0,0,0,0,1
CRUK0413,0,0,0,0,1,0,0,0,0,0,1,1,0,0,0,0,0,0,0,0
CRUK0415,0,0,0,0,0,0,0,0,0,0,0,0,0,0,0,1,0,0,0,0
CRUK0416,1,1,0,0,0,0,0,1,0,0,0,1,0,0,1,0,0,0,0,0
CRUK0418,1,0,0,0,1,1,0,1,0,1,1,0,1,0,0,0,0,1,0,0
CRUK0419,0,0,0,0,0,0,0,0,1,0,0,0,0,0,0,0,0,0,0,1
CRUK0420,0,0,0,0,0,0,1,0,0,0,0,0,0,0,0,0,0,0,0,0
CRUK0422,0,0,0,0,0,0,0,0,0,0,0,0,0,0,0,0,0,0,0,1
CRUK0423,0,0,0,0,0,1,0,0,1,0,0,0,0,0,0,0,0,0,0,1
CRUK0424,1,0,0,0,0,0,0,0,1,1,1,0,0,0,0,0,0,0,0,1
CRUK0428,0,0,0,0,0,0,0,0,0,0,1,0,0,0,0,0,0,0,0,1
CRUK0430,0,0,0,0,0,0,0,0,0,0,0,0,0,0,0,0,0,0,1,1
CRUK0431,0,0,0,1,0,0,0,0,1,0,0,1,0,0,0,0,0,1,0,0
CRUK0434,0,0,0,0,0,0,0,0,0,0,0,0,0,1,1,0,0,0,0,0
CRUK0441,0,0,0,0,0,0,0,0,1,0,0,0,0,0,0,0,0,0,0,1
CRUK0444,0,0,0,1,0,0,0,0,1,1,1,0,0,0,0,0,0,0,0,1
CRUK0445,0,0,0,0,0,0,0,0,0,0,0,1,0,0,0,1,0,0,1,0
CRUK0447,0,1,0,0,0,0,0,1,0,1,0,1,0,0,0,1,0,0,0,1
CRUK0448,0,0,0,1,0,0,0,0,0,0,1,0,0,0,1,0,0,0,0,1
CRUK0450,0,0,0,0,0,0,0,0,0,0,0,1,0,0,0,0,0,0,0,1
CRUK0451,0,0,0,0,0,0,0,0,0,0,0,0,0,0,0,0,0,0,0,0
CRUK0452,0,0,0,0,0,0,0,0,0,0,1,0,0,0,0,0,0,0,0,1
CRUK0453,0,0,0,0,0,0,0,0,0,0,0,0,0,0,0,1,0,0,0,1
CRUK0456,0,0,0,1,0,0,0,0,1,0,0,1,0,0,0,0,0,0,1,1
CRUK0460,0,0,0,0,0,0,0,0,0,0,0,1,0,0,0,1,0,0,0,0
CRUK0462,0,0,0,0,1,0,0,0,0,0,0,0,0,0,0,0,0,0,0,0
CRUK0463,0,0,0,0,0,0,0,0,0,0,0,0,0,0,0,0,0,0,0,1
CRUK0465,0,0,0,0,0,0,0,0,0,0,0,0,0,0,0,0,0,0,0,1
CRUK0467,0,0,0,0,0,0,0,0,0,0,0,1,0,0,0,0,0,0,0,1
CRUK0468,0,0,0,0,0,0,0,0,0,0,0,0,0,1,1,0,0,0,0,1
CRUK0471,0,0,1,0,0,0,0,1,0,0,0,0,0,1,0,0,0,1,0,1
CRUK0472,1,0,0,0,1,0,0,0,0,0,0,0,0,0,0,0,0,0,0,1
CRUK0476,0,0,0,0,0,0,0,0,0,0,1,0,0,0,0,0,0,0,0,1
CRUK0478,0,0,0,0,0,0,0,0,0,0,1,0,0,0,0,0,0,0,1,1
CRUK0479,0,0,1,0,0,0,0,0,0,0,0,1,0,0,0,0,0,0,0,0
CRUK0484,0,0,0,0,0,0,0,1,0,0,0,0,0,0,0,0,0,0,0,1
CRUK0485,0,0,0,1,1,0,0,1,0,0,1,0,0,0,0,0,0,1,0,0
CRUK0486,0,0,0,0,1,0,0,0,1,1,0,0,1,0,0,0,0,0,0,1
CRUK0487,0,1,0,0,1,0,0,0,0,0,0,0,0,0,1,1,0,0,0,0
CRUK0488,0,0,0,1,0,0,0,0,0,0,0,1,0,0,1,0,0,0,0,1
CRUK0492,0,0,0,0,0,0,1,0,1,0,0,0,0,0,0,0,0,0,0,0
CRUK0495,0,0,0,0,0,0,0,0,0,0,0,0,0,1,0,0,1,0,0,1
CRUK0496,0,0,0,0,1,0,0,0,0,0,0,0,0,0,0,1,0,1,1,0
CRUK0497,0,0,0,0,0,1,0,1,0,0,0,1,0,0,0,0,0,0,0,1
CRUK0503,0,0,0,0,0,0,0,1,0,0,0,0,0,0,0,0,0,0,0,1
CRUK0504,0,1,0,0,0,0,0,0,0,0,0,1,0,0,0,0,0,0,0,0
CRUK0505,0,1,0,0,0,0,0,0,0,1,1,0,0,0,0,0,0,0,0,1
CRUK0510,0,0,0,1,0,1,0,0,0,0,0,0,0,0,0,0,0,0,1,0
CRUK0511,0,0,1,0,0,0,0,0,0,0,0,0,1,0,0,0,0,0,0,1
CRUK0512,0,0,0,0,1,0,0,0,0,1,1,1,0,0,0,1,0,0,0,0
CRUK0513,0,0,0,0,0,0,0,0,0,1,0,1,0,0,0,0,0,0,1,1
CRUK0514,1,1,0,1,1,0,0,0,1,0,0,0,0,0,0,1,0,0,0,1
CRUK0516,0,0,0,0,0,1,0,0,0,0,0,0,0,1,0,0,1,1,0,1
CRUK0518,0,0,0,0,0,0,0,0,0,0,0,0,0,0,0,0,0,1,0,1
CRUK0519,0,0,0,0,0,0,0,0,0,0,0,0,0,0,0,0,0,1,0,1
CRUK0520,0,0,0,0,0,0,1,0,0,0,0,0,0,0,1,0,0,0,0,0
CRUK0521,0,0,0,0,0,0,0,0,1,0,0,0,0,0,0,0,0,0,1,1
CRUK0524,0,0,0,0,0,0,0,0,0,0,0,1,0,0,0,0,0,0,0,0
CRUK0525,0,0,0,0,0,0,1,0,0,0,0,0,0,0,0,0,0,0,0,0
CRUK0527,0,0,1,0,1,0,0,0,0,0,0,0,0,1,0,0,0,1,0,1
CRUK0528,1,0,0,1,0,1,1,0,0,1,0,0,0,0,0,0,0,0,0,1
CRUK0530,0,0,0,0,0,0,0,0,0,0,0,1,0,0,0,0,0,0,0,1
CRUK0533,0,0,0,0,0,0,0,0,0,0,0,1,0,0,0,0,0,1,0,1
CRUK0535,0,0,0,0,0,0,0,0,0,1,0,0,0,0,0,0,0,0,0,1
CRUK0537,0,0,0,0,0,0,0,0,1,0,0,1,0,0,0,0,0,0,1,0
CRUK0540,1,0,0,1,1,0,0,0,0,0,0,0,0,0,0,0,0,0,0,1
CRUK0541,0,0,0,0,0,0,0,0,1,0,0,1,0,0,0,0,0,1,0,1
CRUK0542,0,0,0,0,0,0,0,0,0,0,0,0,0,1,0,1,0,0,0,1
CRUK0543,0,0,0,0,0,0,0,0,1,0,1,1,0,0,0,0,0,1,1,0
CRUK0548,0,0,0,0,0,0,0,0,0,0,0,1,0,0,0,0,0,0,0,0
CRUK0549,0,0,0,0,0,0,0,0,0,1,0,1,0,0,0,0,0,0,1,1
CRUK0550,0,0,0,0,0,0,0,0,0,0,0,0,0,0,0,0,0,0,0,1
CRUK0552,0,0,0,0,0,0,0,1,0,0,0,1,0,0,0,0,1,0,0,1
CRUK0553,0,0,0,0,0,0,0,0,0,0,0,0,0,0,0,0,0,0,0,1
CRUK0555,0,0,0,0,0,0,0,0,0,0,0,0,0,0,0,0,0,0,0,1
CRUK0556,0,0,0,0,0,0,0,0,0,0,0,0,0,0,0,0,0,0,0,1
CRUK0557,1,0,0,0,0,0,0,0,0,0,0,1,0,0,0,1,0,0,0,1
CRUK0559,0,0,0,0,0,0,1,0,0,0,0,0,0,0,0,1,0,0,0,1
CRUK0563,0,0,0,0,0,0,0,0,0,0,0,0,0,0,0,0,0,1,1,1
CRUK0565,0,0,0,0,0,0,0,0,0,0,0,0,0,0,0,0,0,0,0,1
CRUK0566,0,0,0,1,0,0,0,0,0,0,1,0,0,0,0,0,0,0,0,1
CRUK0567,0,0,0,0,1,0,0,0,0,0,0,0,0,0,0,0,0,0,0,1
CRUK0569,0,0,0,0,0,0,0,0,0,0,1,1,0,0,0,1,0,0,1,0
CRUK0570,0,0,0,0,0,0,0,0,0,0,0,1,0,1,0,1,0,0,0,0
CRUK0572,0,0,0,0,0,0,0,0,1,0,0,1,0,0,0,0,0,0,1,0
CRUK0573,0,0,1,0,0,0,0,0,1,0,0,1,0,0,0,0,0,0,1,0
CRUK0575,0,0,0,0,0,0,0,0,0,0,0,0,0,1,0,0,0,0,0,1
CRUK0578,0,0,0,0,0,0,0,0,0,0,0,0,0,1,0,0,0,0,0,0
CRUK0579,0,0,0,0,0,0,0,0,0,0,0,0,0,0,0,0,0,0,0,1
CRUK0581,0,1,0,0,0,0,0,0,0,0,0,1,0,0,0,0,0,0,0,0
CRUK0582,0,0,0,0,0,0,0,0,1,0,1,0,0,0,0,0,0,0,0,1
CRUK0584,0,0,0,0,0,0,0,0,1,0,0,0,0,0,0,0,0,0,1,0
CRUK0586,0,0,0,0,0,0,0,0,0,0,0,0,0,0,1,0,0,0,0,0
CRUK0587,0,0,0,0,0,0,0,0,1,0,0,1,0,0,1,0,0,0,1,1
CRUK0588,0,0,0,1,0,0,0,0,0,0,0,1,0,0,1,0,0,0,0,0
CRUK0589,0,0,0,0,0,0,0,1,0,0,0,0,0,0,0,0,0,0,0,0
CRUK0590,0,0,0,1,1,0,0,0,0,0,1,0,0,0,0,0,0,1,0,1
CRUK0592,0,0,0,0,0,0,0,0,0,0,0,0,0,0,0,0,0,0,1,1
CRUK0594,0,0,0,0,0,0,0,0,0,0,1,0,0,0,0,0,0,0,0,1
CRUK0596,0,0,0,1,0,0,0,0,0,0,1,0,0,0,0,0,0,0,0,1
CRUK0597,0,0,0,0,0,0,0,0,0,0,0,0,0,0,1,0,0,0,0,1
CRUK0598,0,0,1,0,0,0,0,1,0,0,1,1,0,0,0,1,1,0,0,1
CRUK0603,0,0,0,0,0,0,0,0,0,0,0,0,0,0,1,0,0,0,0,1
CRUK0606,0,0,0,0,0,0,0,0,0,0,1,0,1,0,0,0,0,0,0,1
CRUK0607,0,0,0,0,0,0,0,0,1,1,0,1,0,0,0,0,0,1,1,0
CRUK0609,0,0,0,0,0,1,0,0,0,0,0,0,0,0,0,0,0,0,0,0
CRUK0610,0,1,0,0,0,0,0,0,0,0,0,1,0,0,0,0,0,0,1,0
CRUK0614,0,0,0,0,0,0,0,0,0,0,0,0,0,0,0,0,0,0,0,1
CRUK0616,0,0,0,1,0,0,0,0,0,0,0,0,0,0,0,0,0,0,0,1
CRUK0617,0,0,0,1,0,0,0,0,0,0,1,0,0,0,0,0,0,0,0,1
CRUK0620,0,0,0,0,0,0,0,1,1,0,0,1,0,0,0,0,0,1,0,1
CRUK0625,0,0,0,0,0,0,0,0,0,0,0,0,0,0,0,0,0,0,0,1
CRUK0628,0,0,0,1,0,0,0,0,0,0,0,1,0,0,0,0,0,0,0,1
CRUK0633,0,0,0,0,0,0,0,0,0,0,0,1,0,0,0,0,0,0,0,0
CRUK0634,1,0,0,0,0,0,0,0,1,1,0,0,0,0,0,0,0,0,1,1
CRUK0636,0,0,0,1,0,0,0,1,0,0,0,0,0,1,0,0,0,0,0,1
CRUK0638,0,0,0,0,0,0,0,0,0,0,0,0,0,1,0,0,0,0,0,1
CRUK0640,0,0,0,0,0,0,0,0,0,1,1,0,0,1,0,0,0,0,0,0
CRUK0642,0,0,0,0,0,1,0,0,0,0,0,1,1,0,1,0,1,0,0,1
CRUK0643,0,0,0,0,0,0,0,0,0,0,0,1,0,0,0,0,0,0,0,1
CRUK0644,0,0,0,1,1,0,0,0,0,0,0,0,0,0,1,0,0,0,0,1
CRUK0649,0,0,0,0,0,1,0,0,0,0,0,0,0,0,0,0,0,0,0,0
CRUK0650,0,0,0,0,0,0,0,0,0,0,0,1,0,0,0,0,0,0,1,0
CRUK0655,0,0,0,0,0,0,0,0,1,1,0,0,0,0,0,1,0,1,1,0
CRUK0666,0,0,0,0,0,0,0,0,0,0,0,1,0,0,0,0,0,0,0,1
CRUK0667,0,0,0,0,0,0,0,0,0,0,0,1,0,0,0,0,0,0,1,1
CRUK0674,0,0,0,0,1,1,0,1,0,0,0,0,0,0,0,0,0,0,0,0
CRUK0678,0,0,0,1,0,0,0,0,0,1,0,0,0,0,1,0,0,0,0,1
CRUK0679,0,0,0,0,0,0,0,0,0,0,1,0,0,0,0,0,0,0,1,1
CRUK0680,1,1,0,0,0,0,0,0,0,0,0,1,0,1,0,0,0,0,1,0
CRUK0681,0,0,0,0,1,0,0,0,0,0,1,0,1,0,0,0,1,0,0,1
CRUK0682,0,0,0,0,0,0,0,1,0,0,0,0,0,0,0,0,0,0,0,1
CRUK0684,0,0,1,0,0,0,1,0,0,1,0,0,0,0,0,0,0,0,0,0
CRUK0686,1,1,0,0,0,0,0,0,1,0,0,0,0,0,0,0,0,0,0,1
CRUK0687,0,0,0,0,0,0,0,0,0,0,0,0,0,0,0,0,0,1,0,0
CRUK0691,0,1,0,0,0,0,0,0,1,0,0,0,0,0,0,0,0,0,0,1
CRUK0692,0,1,0,0,0,1,0,1,0,0,1,0,0,0,0,1,0,0,0,1
CRUK0693,0,0,0,0,0,0,0,0,0,0,0,0,0,1,0,0,0,0,0,1
CRUK0696,0,0,1,0,0,1,0,0,0,0,0,0,1,0,0,0,0,0,0,1
CRUK0698,0,0,0,0,0,0,0,0,1,0,0,0,0,0,0,0,0,0,1,1
CRUK0702,0,0,0,0,0,0,0,0,0,0,1,0,0,0,0,0,0,0,0,1
CRUK0704,0,0,0,0,0,0,0,0,0,0,0,1,0,0,0,1,0,0,0,1
CRUK0706,0,0,0,1,0,1,0,0,0,0,1,0,0,0,0,0,0,0,0,1
CRUK0707,0,0,0,1,0,0,0,0,1,1,0,0,0,0,0,1,1,0,1,1
CRUK0709,0,0,0,0,0,0,0,0,0,1,0,0,0,0,0,0,0,1,1,1
CRUK0710,0,0,0,0,0,0,0,0,0,0,0,0,0,0,0,0,0,0,0,1
CRUK0714,0,0,0,0,0,0,0,0,0,0,0,0,0,1,0,0,0,0,0,1
CRUK0715,0,0,0,0,0,0,0,0,0,0,0,0,0,0,0,0,0,0,0,0
CRUK0717,0,0,0,0,0,0,0,0,0,0,0,0,0,0,0,0,0,0,0,1
CRUK0718,0,0,0,0,0,0,0,0,0,0,0,0,1,0,0,0,0,0,0,1
CRUK0719,0,0,0,0,0,0,0,0,0,0,0,1,0,0,0,0,0,0,0,1
CRUK0721,0,0,1,1,1,0,0,1,0,1,0,0,0,0,0,1,0,0,0,1
CRUK0722,0,0,0,1,0,0,0,0,0,0,0,0,0,1,0,0,0,0,0,1
CRUK0729,0,0,0,0,0,0,0,0,1,0,0,0,0,0,0,0,0,0,0,1
CRUK0730,0,0,0,0,0,0,0,0,0,0,0,0,0,0,0,0,0,0,0,0
CRUK0731,0,0,0,1,0,0,0,0,0,0,0,0,1,1,0,0,0,0,0,1
CRUK0733,0,0,0,0,0,0,0,0,0,0,0,0,0,0,0,0,0,0,0,1
CRUK0734,1,0,1,0,0,0,0,0,0,0,0,0,0,0,0,0,0,0,0,1
CRUK0735,0,0,1,0,0,0,0,0,0,0,0,0,0,0,0,0,0,0,1,0
CRUK0736,0,0,0,0,0,0,0,0,0,0,0,0,1,1,0,0,0,0,1,0
CRUK0737,0,0,0,0,0,0,0,0,0,0,0,0,0,0,0,0,0,0,0,1
CRUK0738,1,0,0,0,0,0,0,0,0,0,1,1,1,0,0,1,0,0,0,0
CRUK0741,0,0,1,0,0,0,0,0,0,0,0,1,0,1,0,1,0,0,0,0
CRUK0742,1,0,0,0,0,0,0,0,0,0,0,0,0,0,0,0,0,0,0,0
CRUK0745,0,0,0,0,0,0,0,0,0,0,0,0,0,0,0,1,0,0,0,1
CRUK0748,0,1,0,0,0,0,0,0,1,0,0,1,0,0,0,0,1,1,0,1
CRUK0749,0,0,0,0,0,0,0,1,0,0,0,0,0,0,0,0,0,0,0,1
CRUK0753,0,0,0,0,0,0,0,0,0,0,0,0,0,0,0,0,0,0,0,1
CRUK0755,0,0,0,1,0,0,0,0,0,0,0,1,0,0,0,0,0,0,0,0
CRUK0756,0,0,0,0,0,0,0,0,0,0,0,1,0,0,0,0,0,0,1,0
CRUK0761,0,0,0,0,0,0,1,0,0,0,0,0,0,0,0,1,0,0,0,0
CRUK0762,0,0,0,0,0,1,0,0,0,0,0,0,0,0,0,0,0,0,0,1
CRUK0764,0,0,0,0,0,0,0,0,0,0,0,0,0,0,0,0,0,0,0,0
CRUK0766,1,0,0,0,0,0,0,0,0,0,0,1,0,0,0,0,0,0,0,1
CRUK0768,0,0,0,0,0,0,0,0,1,0,1,0,0,0,0,0,1,0,0,1
CRUK0769,0,0,0,0,0,0,0,0,0,0,1,0,0,0,0,0,0,0,1,1
CRUK0771,0,0,0,0,0,0,0,0,0,1,0,0,1,1,0,0,0,1,0,1
CRUK0772,0,0,0,0,0,0,0,0,0,0,0,0,0,0,0,0,0,0,0,1
CRUK0775,1,0,0,0,0,0,0,0,0,0,1,1,0,0,1,1,1,0,0,0
CRUK0781,0,0,0,0,0,0,0,0,0,0,1,0,0,0,0,0,0,0,0,1
CRUK0784,0,0,0,0,0,0,0,0,0,0,0,0,0,0,0,0,0,0,0,1
CRUK0787,0,0,0,0,0,0,0,0,0,0,0,0,0,0,0,0,0,0,0,1
CRUK0788,0,0,0,0,0,0,0,0,0,0,0,1,0,0,0,0,0,0,0,0
CRUK0793,0,1,0,0,0,0,0,0,1,0,0,0,0,0,0,0,0,0,1,0
CRUK0794,0,0,0,0,0,0,0,0,0,0,0,0,0,0,0,0,0,0,0,1
CRUK0795,0,0,0,0,0,0,0,1,0,0,0,0,0,1,0,0,0,0,1,1
CRUK0799,0,0,0,0,0,1,0,1,0,0,0,1,0,0,1,0,0,1,0,1
CRUK0810,0,0,1,0,0,0,0,0,0,0,0,1,0,0,0,0,0,1,1,0
CRUK0817,0,0,0,0,0,0,0,0,0,0,0,0,0,1,0,1,0,0,1,1
CRUK0861,0,0,0,0,0,0,0,0,0,0,0,0,0,0,0,0,0,0,0,1
CRUK0864,0,0,0,0,0,0,0,0,0,0,0,1,0,0,0,1,0,0,0,0
CRUK0872,0,0,0,0,0,0,0,0,0,0,0,0,0,0,0,0,0,0,0,1
CRUK0881,0,0,0,0,0,1,0,0,0,0,0,1,0,1,0,1,0,0,0,1
CRUK0893,0,1,0,0,0,0,0,0,0,0,0,1,0,0,0,0,0,0,0,0
