patient_id,CDKN2A,FAT1,KEAP1,KMT2D,KRAS,NF1,PIK3CA,SMARCA4,STK11,TP53,LUAD,LUSC,Ploidy
CRUK0001,0,0,0,0,0,0,0,0,0,1,1,0,4.49377036318663
CRUK0002,0,0,0,0,0,3,0,0,0,0,1,0,1.92190739756555
CRUK0003,0,0,0,0,0,0,2,0,0,0,1,0,3.56739189233975
CRUK0004,0,0,0,0,0,0,0,0,0,1,1,0,2.95060322145928
CRUK0005,0,0,0,0,0,0,0,0,0,1,1,0,3.13128197999262
CRUK0006,0,0,4,0,0,0,0,0,0,1,1,0,3.03367029057384
CRUK0008,0,0,1,0,0,0,0,0,1,0,1,0,3.55999460953342
CRUK0009,0,0,0,0,0,0,0,0,0,1,1,0,4.97770862794514
CRUK0010,0,0,0,0,0,0,0,0,0,0,1,0,2.41861253490265
CRUK0011,0,0,0,0,4,0,0,0,0,0,1,0,2.14131945781097
CRUK0012,0,0,0,0,0,0,0,0,0,0,1,0,3.47482932370152
CRUK0013,0,0,0,0,0,0,0,0,1,0,0,0,3.16445276359066
CRUK0014,0,0,0,0,4,0,0,0,0,4,1,0,1.92920553700428
CRUK0015,0,0,0,0,0,0,0,0,0,3,1,0,2.23954155976446
CRUK0016,0,4,0,0,0,0,0,0,0,1,1,0,2.69218513928644
CRUK0017,0,0,1,0,3,0,0,0,0,1,1,0,5.27963826842827
CRUK0018,0,0,0,0,1,0,0,0,0,0,1,0,3.3890373273378
CRUK0019,0,0,0,0,0,0,0,0,0,0,1,0,3.11019767967745
CRUK0020,0,0,1,0,0,0,3,0,0,1,1,0,2.64173510588922
CRUK0021,0,0,0,0,0,0,0,0,0,1,1,0,3.58740854203254
CRUK0022,0,0,0,0,0,0,0,0,0,1,1,0,4.15093482080507
CRUK0023,0,0,0,3,4,0,0,0,0,3,1,0,2.2314586579376
CRUK0024,0,0,0,0,0,0,0,0,1,1,1,0,2.63306465671277
CRUK0025,0,0,0,0,1,0,0,0,0,1,1,0,3.09830240525569
CRUK0026,0,0,0,0,0,0,0,0,0,1,1,0,4.32174623580938
CRUK0027,0,0,0,0,1,0,0,0,0,0,1,0,1.76942372772619
CRUK0028,0,0,0,0,0,0,3,0,0,3,1,0,1.84190140091969
CRUK0029,0,0,0,0,0,0,0,0,0,1,1,0,2.59768603361451
CRUK0030,0,0,0,4,1,4,0,0,0,4,1,0,1.88218241851105
CRUK0032,0,0,0,0,1,0,0,0,0,0,1,0,3.78597650239157
CRUK0033,0,0,4,0,0,0,0,0,0,0,1,0,1.94259227368653
CRUK0034,0,0,0,0,1,0,0,0,0,0,1,0,3.84103161913725
CRUK0035,0,0,0,0,0,0,0,0,0,1,1,0,2.7891276806888
CRUK0036,0,0,2,0,1,0,2,3,0,0,1,0,2.75124230067873
CRUK0037,0,0,0,0,4,0,0,0,0,0,1,0,2.16040281543763
CRUK0038,0,0,0,3,4,0,0,0,0,0,1,0,1.95551043841671
CRUK0039,0,0,0,0,1,1,0,0,0,0,1,0,3.15174100085355
CRUK0040,0,0,0,0,4,0,0,0,0,0,1,0,1.72457941073919
CRUK0041,0,0,0,0,0,0,0,0,0,0,1,0,5.25948683740729
CRUK0043,0,0,0,0,0,0,0,0,0,0,1,0,3.79441097062204
CRUK0044,0,0,0,0,4,0,0,0,0,0,1,0,2.01642731045809
CRUK0045,0,0,0,0,0,0,0,0,0,0,1,0,3.6648147157906
CRUK0046,0,0,4,0,0,0,0,0,3,0,1,0,1.96877640470349
CRUK0047,0,0,0,0,3,0,0,0,1,0,1,0,2.17776266226891
CRUK0048,0,0,0,0,3,0,0,0,0,1,1,0,4.11854538533345
CRUK0049,0,0,0,0,0,0,0,0,0,4,1,0,2.05633164238603
CRUK0050,0,0,0,0,1,0,0,0,2,0,1,0,3.8145759073559
CRUK0051,0,0,0,0,1,0,0,0,0,1,1,0,3.06507599280928
CRUK0052,0,0,1,1,1,1,0,0,0,1,1,0,2.92016897040344
CRUK0053,0,4,0,0,0,0,0,0,0,4,1,0,2.54025755244542
CRUK0054,0,0,0,0,0,0,0,0,0,0,1,0,3.77450886366757
CRUK0056,0,3,0,0,0,0,0,0,0,3,1,0,3.31449557036217
CRUK0057,0,0,0,0,1,0,0,1,0,0,1,0,3.87064028243909
CRUK0058,0,0,0,0,0,0,0,0,0,1,1,0,4.64864772378511
CRUK0059,0,0,0,0,4,0,0,0,0,0,1,0,1.9860661198919
CRUK0061,0,0,0,0,0,0,0,0,1,0,1,0,3.90010715064825
CRUK0062,0,0,0,0,0,0,0,0,0,1,0,1,3.47427083644304
CRUK0063,1,0,0,0,0,3,1,0,0,1,0,1,2.99578468212973
CRUK0064,0,3,0,0,0,0,0,0,0,1,0,1,3.94626109757741
CRUK0065,0,0,0,0,0,0,3,0,0,4,0,1,1.83276740328478
CRUK0066,1,0,0,0,0,0,0,0,0,1,0,1,5.53903438335981
CRUK0067,0,0,0,0,0,0,0,0,0,1,0,1,2.2637413029559
CRUK0068,0,0,0,4,0,0,0,0,0,4,0,1,1.85176382755017
CRUK0069,0,2,0,0,3,0,0,0,0,1,0,1,3.08019530573451
CRUK0070,0,0,0,0,0,0,0,0,0,3,0,1,3.03961150012674
CRUK0071,0,0,0,0,0,0,0,0,0,1,0,1,2.84457542931951
CRUK0072,0,0,0,0,0,0,0,0,0,1,0,1,3.44119217392062
CRUK0073,1,1,0,1,0,0,0,0,0,0,0,1,3.12197518207642
CRUK0074,0,0,0,0,0,0,0,0,0,1,0,1,3.21641134040139
CRUK0075,0,1,0,0,0,0,1,0,0,1,0,1,2.99859551633026
CRUK0076,0,0,0,0,0,0,0,0,0,1,0,1,3.06678595019592
CRUK0077,0,0,1,0,0,0,0,0,0,1,0,1,2.95064980343339
CRUK0078,0,0,0,0,0,0,0,0,0,0,0,1,3.55692347178851
CRUK0079,0,1,0,0,0,0,0,0,0,1,0,1,3.34550833283393
CRUK0080,0,0,0,0,0,0,0,0,0,1,0,1,1.98423231993026
CRUK0081,1,4,0,0,0,0,0,0,0,1,0,1,2.40799752528091
CRUK0083,0,0,0,0,0,0,1,0,0,1,0,1,3.67667613238013
CRUK0084,0,0,0,0,0,0,0,0,0,0,0,1,2.06998318076984
CRUK0085,0,0,0,0,0,0,0,0,0,0,0,1,2.8573064597501
CRUK0086,0,0,0,0,0,0,0,0,0,1,0,1,2.83011927952898
CRUK0087,0,0,0,0,0,0,2,0,0,1,0,1,2.92503625777029
CRUK0088,0,0,0,0,0,0,0,0,0,1,0,1,4.33467893424923
CRUK0090,2,0,0,0,0,0,0,0,0,0,0,1,3.32518259493333
CRUK0091,4,0,0,0,0,0,0,4,0,1,0,1,1.92539739923034
CRUK0092,0,0,0,0,0,0,2,0,0,1,0,1,3.32766966409418
CRUK0094,0,0,0,0,0,0,0,4,0,0,0,0,1.98993801977091
CRUK0095,0,0,0,0,0,4,0,0,0,4,0,0,1.94519262021657
CRUK0096,0,0,0,0,0,0,0,0,0,0,0,0,3.51260904061369
CRUK0097,0,0,0,0,0,0,0,0,0,4,0,0,1.66162150973407
CRUK0098,0,0,0,0,0,0,0,0,0,1,0,0,3.79659173546648
CRUK0099,0,0,4,0,0,0,0,0,4,4,0,0,1.93239813847262
CRUK0100,0,0,0,0,0,0,0,0,2,1,0,0,2.97753201845084
CRUK0115,0,0,0,0,1,0,0,0,0,3,1,0,1.97711255905971
CRUK0118,0,0,0,0,0,0,0,0,0,0,0,1,2.09103207543336
CRUK0124,0,0,0,0,0,0,0,0,0,0,1,0,1.81561784774657
CRUK0129,0,0,0,0,0,1,1,0,0,0,0,0,3.77941560107771
CRUK0134,0,1,0,0,0,0,0,0,0,1,0,1,3.16499074867114
CRUK0142,0,0,0,4,0,0,0,0,4,0,1,0,2.68629132714391
CRUK0146,0,0,0,0,0,0,0,0,0,1,0,1,3.64405695875655
CRUK0150,0,0,0,0,0,0,0,0,0,1,0,0,5.63307563197808
CRUK0157,0,0,0,0,0,0,0,0,0,1,1,0,2.18649604155871
CRUK0159,0,0,0,0,1,0,0,0,0,1,1,0,3.05464658461519
CRUK0173,0,0,0,0,0,1,1,0,0,1,0,1,4.1362575394199
CRUK0177,0,0,0,0,0,0,1,0,0,0,0,1,4.72211410941586
CRUK0178,2,0,0,0,0,0,0,0,0,1,1,0,3.07115822805122
CRUK0183,0,0,0,4,0,0,0,0,0,1,0,1,1.87330819153222
CRUK0193,0,0,0,0,0,0,0,0,0,0,1,0,2.70544001540535
CRUK0196,0,0,0,0,1,0,0,0,0,1,0,0,3.8221126852447
CRUK0201,0,1,0,0,0,0,1,0,0,1,0,1,3.85562525066175
CRUK0206,0,0,0,0,1,0,0,0,0,0,1,0,3.63240198716666
CRUK0212,0,0,0,4,2,0,0,0,0,0,1,0,2.28018566249211
CRUK0213,1,0,1,0,0,0,3,0,0,1,0,1,3.63444426623897
CRUK0218,0,0,0,0,0,0,0,0,1,2,1,0,3.15306180288999
CRUK0223,0,0,2,0,4,0,0,4,0,1,1,1,2.88872532762771
CRUK0232,0,0,0,0,0,0,0,0,0,1,0,1,4.09567067868747
CRUK0233,0,0,0,0,1,0,0,0,0,1,1,0,3.61340026441557
CRUK0235,0,0,0,0,0,0,0,0,0,0,0,1,2.02126644978031
CRUK0236,0,0,0,1,0,0,0,0,0,1,0,1,5.47830368532084
CRUK0240,1,0,0,0,0,0,0,0,0,2,0,1,3.22612302938614
CRUK0241,0,0,0,2,0,0,0,0,0,1,0,1,2.84610574384344
CRUK0242,0,0,0,3,0,0,0,0,0,1,1,0,5.40878406724586
CRUK0244,0,2,0,0,0,0,0,0,0,1,0,1,3.59168597743875
CRUK0245,0,0,0,0,0,0,0,0,0,0,0,0,1.83116694192245
CRUK0246,0,0,0,0,0,0,0,0,0,1,1,0,3.45185897868946
CRUK0247,0,0,0,0,4,0,0,0,4,0,1,0,2.05629779971598
CRUK0249,0,0,4,0,0,0,0,0,0,3,1,0,1.84569689154903
CRUK0250,0,0,0,0,1,0,0,0,0,1,0,1,3.59509446506128
CRUK0253,0,0,0,0,0,0,0,0,0,0,1,0,3.20390125907089
CRUK0254,0,0,0,1,0,0,0,0,0,1,0,1,3.04079904348461
CRUK0256,3,0,0,0,0,0,0,0,0,4,0,1,1.72947319122
CRUK0259,0,0,0,0,1,0,0,0,0,0,1,0,2.48797485008675
CRUK0260,0,0,0,0,0,0,1,0,0,1,0,1,3.76838434858813
CRUK0267,0,0,0,0,0,0,0,0,0,1,1,0,3.26724779669718
CRUK0269,1,0,0,0,0,1,0,0,0,1,1,0,3.42429771795771
CRUK0270,0,0,0,0,0,0,0,1,1,0,1,0,2.91237046091404
CRUK0271,0,0,2,4,1,0,0,3,1,1,0,0,3.73332442344086
CRUK0272,0,0,0,0,0,0,0,0,1,1,1,0,3.30038295170019
CRUK0273,0,0,1,0,0,0,0,0,0,1,0,0,2.93797039906947
CRUK0274,0,0,0,0,1,0,0,0,0,3,1,0,2.08707387259835
CRUK0276,0,0,0,0,1,1,0,0,0,1,1,0,3.04265077405871
CRUK0278,0,0,0,0,0,1,0,0,0,1,1,0,2.9681050636221
CRUK0279,0,0,0,0,0,0,0,0,0,0,1,0,2.86452722325323
CRUK0280,0,0,0,0,1,0,0,0,0,0,1,0,3.69713016302197
CRUK0284,0,0,0,0,1,0,0,0,3,1,1,0,3.11485021420892
CRUK0286,0,0,0,0,0,0,0,0,0,4,0,1,1.63765949347055
CRUK0287,0,0,0,0,1,0,0,2,0,0,1,0,3.51142954367432
CRUK0290,0,1,0,0,0,0,0,0,0,1,0,1,3.63047284318578
CRUK0296,0,0,0,0,4,0,0,0,4,0,1,0,1.9878857157591
CRUK0297,0,0,0,0,0,0,0,0,0,0,1,0,3.41787125159521
CRUK0299,0,0,0,0,0,0,0,0,0,3,1,0,3.44821472301446
CRUK0303,0,1,0,0,0,0,0,0,0,0,0,1,3.21382321730275
CRUK0310,0,0,0,0,0,0,0,0,0,1,0,1,3.52953203016593
CRUK0311,0,3,0,0,0,0,0,0,0,1,0,1,3.11060210823408
CRUK0312,0,0,0,0,0,0,0,0,0,1,0,1,3.73967210800846
CRUK0313,0,0,0,0,1,0,0,0,0,0,1,0,3.74194671413277
CRUK0314,0,0,0,0,2,0,0,0,1,0,1,0,2.87183344989018
CRUK0315,0,0,0,4,0,0,0,0,0,4,0,0,1.87453317866173
CRUK0316,0,0,3,0,3,0,0,3,4,0,1,0,2.06553379358754
CRUK0318,0,0,0,0,0,0,0,0,0,1,0,1,2.85245293269621
CRUK0319,0,0,0,0,0,0,0,0,0,0,1,0,3.4550598223222
CRUK0321,0,0,0,0,0,0,0,0,0,2,0,1,3.61929070041047
CRUK0322,0,0,0,0,3,0,3,0,0,1,1,0,3.24840211667383
CRUK0324,0,0,0,0,0,0,0,0,0,0,1,0,3.620339740533
CRUK0328,0,0,0,0,0,4,0,0,0,4,0,1,1.80282394524261
CRUK0329,0,1,0,1,0,0,1,0,0,4,0,1,3.92497788553596
CRUK0331,0,0,0,0,0,0,0,0,0,0,0,1,4.13720835949643
CRUK0333,0,0,0,0,4,0,0,0,0,0,1,0,2.71643476076184
CRUK0334,0,0,0,0,1,0,0,0,0,4,0,1,1.9525726576446
CRUK0337,0,0,0,0,1,1,0,0,0,1,1,0,3.45441245834709
CRUK0339,0,0,0,0,1,0,0,0,1,0,1,0,3.20998623745785
CRUK0343,0,0,0,0,0,0,0,0,0,0,1,0,3.17207345580242
CRUK0344,0,0,0,0,0,0,0,0,0,3,1,0,2.08868322474352
CRUK0346,0,0,0,0,0,0,0,0,0,2,0,1,3.23222395010022
CRUK0349,0,0,0,0,0,0,0,1,0,1,1,0,2.6895286868046
CRUK0350,1,1,0,0,0,0,0,1,0,1,1,0,3.63470382157088
CRUK0352,0,3,0,3,1,0,0,0,0,0,1,0,3.35784525494993
CRUK0359,0,0,0,0,1,0,0,0,0,0,1,0,1.86885534851872
CRUK0361,0,0,1,0,1,0,0,3,2,0,1,0,3.34489603196417
CRUK0367,0,0,0,0,1,0,0,0,0,0,1,0,3.13786863980374
CRUK0368,0,0,3,0,0,2,3,3,0,3,1,0,3.49126350015522
CRUK0369,0,0,0,0,0,0,0,1,0,1,1,0,3.57856335254809
CRUK0370,0,0,0,0,0,0,0,0,0,1,1,0,3.04456719039302
CRUK0371,0,0,4,0,3,0,0,0,4,0,1,0,1.93199344566685
CRUK0372,1,2,0,0,1,0,0,0,0,4,1,0,2.0162507068662
CRUK0373,0,2,0,0,0,0,0,0,0,0,0,1,3.19905625777229
CRUK0375,1,0,0,0,0,0,0,1,0,1,1,0,2.80852673049363
CRUK0377,0,4,0,0,1,0,0,0,0,1,1,0,2.83980576814294
CRUK0379,0,0,0,0,1,0,0,0,1,1,1,0,3.27051360621705
CRUK0380,0,0,0,0,1,0,0,0,1,0,1,0,3.46925928658576
CRUK0381,0,0,0,0,0,3,0,0,0,3,0,1,1.64407957698662
CRUK0382,0,0,0,0,0,0,1,0,0,1,1,0,3.73320045253611
CRUK0384,1,0,0,2,0,0,0,0,0,1,0,1,2.94906763210105
CRUK0385,0,4,1,3,0,0,0,0,0,1,1,0,2.70002692181137
CRUK0386,0,0,0,0,0,0,0,0,0,3,1,0,1.81407824334654
CRUK0388,0,0,0,0,0,0,0,0,0,0,1,0,2.17408198660003
CRUK0392,0,0,0,0,0,0,0,0,0,3,0,1,1.91869901307169
CRUK0393,3,0,1,0,0,0,0,0,0,1,0,1,3.57633620367703
CRUK0394,1,0,0,0,0,0,0,0,0,1,1,0,1.95115002127491
CRUK0396,0,0,0,0,0,0,0,0,0,1,0,1,1.72835053860444
CRUK0401,0,0,1,0,0,0,0,0,0,1,1,0,4.09757407407407
CRUK0402,0,0,0,0,0,0,0,0,0,0,0,1,3.11504523193396
CRUK0403,0,0,0,0,0,0,0,0,0,1,0,1,3.62986777631777
CRUK0404,3,0,0,0,0,0,0,0,0,1,1,0,2.6467522677534
CRUK0406,0,0,0,0,0,0,0,0,0,0,1,0,3.78052209200271
CRUK0407,0,0,4,0,0,0,0,0,4,0,1,0,1.84633858419267
CRUK0408,0,0,0,0,1,0,0,0,0,1,1,0,2.9317973720579
CRUK0409,0,0,0,0,0,0,0,0,0,1,1,0,3.07213488504893
CRUK0410,0,0,0,0,0,0,3,0,0,0,1,0,3.80112859554099
CRUK0412,0,0,0,0,1,0,0,0,0,1,1,0,3.32213482485175
CRUK0413,0,0,0,2,1,0,0,0,0,0,1,0,3.28095128140988
CRUK0415,0,0,0,0,0,0,0,0,0,0,1,0,3.76432550331983
CRUK0416,0,3,0,0,4,0,3,0,0,0,1,0,2.16123969009886
CRUK0418,0,3,0,3,0,0,0,2,0,0,1,0,3.58396412809196
CRUK0419,0,0,1,0,0,0,0,0,0,1,0,1,3.238950004491
CRUK0420,0,0,0,0,0,0,0,0,0,0,0,0,2.05724477459128
CRUK0422,0,0,0,0,0,0,0,0,0,2,0,0,3.08527939949958
CRUK0423,0,0,3,0,0,0,0,0,0,2,0,1,2.55836529486046
CRUK0424,0,0,1,1,0,0,0,0,0,1,0,1,3.76174232680955
CRUK0428,0,0,0,3,0,0,0,0,0,4,1,0,2.26838957105346
CRUK0430,0,0,0,0,0,0,0,0,1,1,1,0,4.98380992295734
CRUK0431,1,0,1,0,1,0,0,2,0,0,1,0,4.52012044250645
CRUK0434,0,0,0,0,0,1,3,0,0,0,0,0,3.05904128860116
CRUK0441,0,0,1,0,0,0,0,0,0,1,1,0,4.08629004759576
CRUK0444,1,0,1,1,0,0,0,0,0,1,0,1,2.6025987292778
CRUK0445,0,0,0,0,1,0,0,0,1,0,1,0,3.56354297029444
CRUK0447,0,4,0,0,1,0,0,0,0,3,1,0,3.52529792208669
CRUK0448,1,0,0,3,0,0,3,0,0,1,0,1,4.88452094758185
CRUK0450,0,0,0,0,1,0,0,0,0,1,1,0,3.64620618283363
CRUK0451,0,0,0,0,0,0,0,0,0,0,0,1,3.48631221337366
CRUK0452,0,0,0,1,0,0,0,0,0,1,0,1,3.45305866290613
CRUK0453,0,0,0,0,0,0,0,0,0,1,1,0,5.24710861391991
CRUK0456,1,0,1,0,1,0,0,0,1,1,1,0,4.59360835082534
CRUK0460,0,0,0,0,4,0,0,0,0,0,1,0,2.00090240838256
CRUK0462,0,0,0,0,0,0,0,0,0,0,1,0,4.54425322876947
CRUK0463,0,0,0,0,0,0,0,0,0,1,0,1,3.20052027367293
CRUK0465,0,0,0,0,0,0,0,0,0,1,0,1,2.8882554941387
CRUK0468,0,0,0,0,0,3,2,0,0,1,0,1,3.16799838733403
CRUK0472,0,0,0,0,0,0,0,0,0,1,0,1,3.25753081931807
CRUK0476,0,0,0,1,0,0,0,0,0,1,0,0,5.7440308463285
CRUK0478,0,0,0,4,0,0,0,0,3,1,0,1,1.87861495453836
CRUK0479,0,0,0,0,1,0,0,0,0,0,1,0,2.84366463565227
CRUK0484,0,3,0,0,0,0,0,0,0,1,0,0,3.92599598781802
CRUK0485,1,1,0,1,0,0,0,1,0,0,0,1,3.38930954063831
CRUK0486,0,0,1,0,0,0,0,0,0,1,1,0,3.43517424863527
CRUK0487,0,0,0,0,0,0,1,0,0,0,1,0,3.32854128945077
CRUK0488,1,0,0,0,2,0,1,0,0,1,0,1,3.35058844917842
CRUK0492,0,0,3,0,0,0,0,0,0,0,1,0,2.2562530552822
CRUK0495,0,0,0,0,0,3,0,0,0,1,0,1,2.9043318886932
CRUK0496,0,0,0,0,0,0,0,4,4,0,1,0,1.97034933555066
CRUK0497,0,3,0,0,1,0,0,0,0,1,1,0,1.92818032809672
CRUK0503,0,4,0,0,0,0,0,0,0,1,0,1,2.93893472452853
CRUK0504,0,0,0,0,1,0,0,0,0,0,1,0,3.40518154655321
CRUK0505,0,0,0,3,0,0,0,0,0,4,0,1,1.77128783375175
CRUK0510,1,0,0,0,0,0,0,0,3,0,0,1,2.8348255086268
CRUK0511,0,0,0,0,0,0,0,0,0,1,1,0,2.98775843574567
CRUK0512,0,0,0,2,1,0,0,0,0,0,1,0,3.53015067854531
CRUK0513,0,0,0,0,1,0,0,0,1,3,1,0,2.93757345478928
CRUK0514,1,0,1,0,0,0,0,0,0,1,0,0,3.62776766035988
CRUK0516,0,0,0,0,0,3,0,1,0,1,0,1,2.71661552831739
CRUK0518,0,0,0,0,0,0,0,4,0,1,0,1,2.10898188719205
CRUK0519,0,0,0,0,0,0,0,1,0,1,1,0,5.24143998763024
CRUK0520,0,0,0,0,0,0,3,0,0,0,1,0,4.79048865311691
CRUK0521,0,0,4,0,0,0,0,0,4,3,1,0,2.07448358984661
CRUK0524,0,0,0,0,1,0,0,0,0,0,0,0,3.34107265799725
CRUK0525,0,0,0,0,0,0,0,0,0,0,1,0,1.85237064246446
CRUK0527,0,0,0,0,0,2,0,1,0,1,0,0,4.27706482641814
CRUK0528,1,0,0,0,0,0,0,0,0,1,0,1,2.36234193289667
CRUK0530,0,0,0,0,1,0,0,0,0,1,1,0,3.08133424988802
CRUK0533,0,0,0,0,1,0,0,1,0,3,1,0,3.6708812153987
CRUK0535,0,0,0,0,0,0,0,0,0,1,0,1,2.95945380668635
CRUK0537,0,0,1,0,1,0,0,0,1,0,1,0,3.2414160726621
CRUK0541,0,0,1,0,1,0,0,1,0,1,1,0,3.51509144614741
CRUK0542,0,0,0,0,0,1,0,0,0,1,1,0,2.61071697790419
CRUK0543,0,0,4,3,4,0,0,3,4,0,1,0,2.02671396618897
CRUK0548,0,0,0,0,1,0,0,0,0,0,1,0,3.78585845602852
CRUK0549,0,0,0,0,1,0,0,0,1,1,0,1,3.43216501061626
CRUK0550,0,0,0,0,0,0,0,0,0,1,0,1,3.31393462867114
CRUK0552,0,4,0,0,4,0,0,0,0,1,1,0,1.988569199363
CRUK0553,0,0,0,0,0,0,0,0,0,1,0,1,3.00760602237002
CRUK0555,0,0,0,0,0,0,0,0,0,1,1,1,3.42967034142064
CRUK0556,0,0,0,0,0,0,0,0,0,1,0,1,3.39578799451175
CRUK0557,0,0,0,0,1,0,0,0,0,1,0,0,2.61904008162418
CRUK0559,0,0,0,0,0,0,0,0,0,1,1,0,3.2579075633845
CRUK0563,0,0,0,0,0,0,0,1,1,1,0,0,5.65880111999281
CRUK0565,0,0,0,0,0,0,0,0,0,1,0,0,2.41337990821882
CRUK0566,1,0,0,2,0,0,0,0,0,1,0,0,3.08001740833889
CRUK0567,0,0,0,0,0,0,0,0,0,1,1,0,3.59891030656822
CRUK0570,0,0,0,0,4,4,0,0,0,0,1,0,2.03658891193261
CRUK0572,0,0,1,0,1,0,0,0,1,0,1,0,3.19050114448637
CRUK0573,0,0,1,0,1,0,0,0,2,0,1,0,3.68291184467373
CRUK0575,0,0,0,0,0,1,0,0,0,1,0,1,3.61507815027819
CRUK0578,0,0,0,0,0,3,0,0,0,0,1,0,2.04893942131979
CRUK0579,0,0,0,0,0,0,0,0,0,1,0,1,3.30669974708658
CRUK0582,0,0,1,2,0,0,0,0,0,1,0,0,2.47251511016627
CRUK0586,0,0,0,0,0,0,3,0,0,0,1,1,4.05050018735241
CRUK0587,0,0,4,0,3,0,3,0,4,3,0,0,1.98283908922541
CRUK0588,4,0,0,0,1,0,3,0,0,0,1,0,2.1051926230078
CRUK0589,0,1,0,0,0,0,0,0,0,0,0,1,3.45913400085785
CRUK0590,1,0,0,2,0,0,0,1,0,1,0,1,3.69415061977638
CRUK0592,0,0,0,0,0,0,0,0,2,1,1,0,3.28173118449691
CRUK0594,0,0,0,1,0,0,0,0,0,1,0,1,3.11752525079751
CRUK0596,1,0,0,1,0,0,0,0,0,1,0,0,2.904280176447
CRUK0597,0,0,0,0,0,0,1,0,0,1,0,1,3.51516321512567
CRUK0598,0,2,0,1,1,0,0,0,0,1,0,0,3.33229764606295
CRUK0603,0,0,0,0,0,0,3,0,0,1,0,1,3.06513352195568
CRUK0606,0,0,0,4,0,0,0,0,0,1,0,0,1.95030066849681
CRUK0607,0,0,4,0,4,0,0,4,4,0,1,0,2.12141402370248
CRUK0609,0,0,0,0,0,0,0,0,0,0,0,1,3.57172536498887
CRUK0610,0,0,0,0,2,0,0,0,1,0,1,0,2.63069622735235
CRUK0614,0,0,0,0,0,0,0,0,0,1,0,0,3.14848632264342
CRUK0616,2,0,0,0,0,0,0,0,0,1,0,1,3.00175371059498
CRUK0617,1,0,0,3,0,0,0,0,0,1,0,1,1.78080227694571
CRUK0620,0,1,1,0,1,0,0,4,0,1,1,0,2.47666496301508
CRUK0625,0,0,0,0,0,0,0,0,0,1,1,0,4.19863160922798
CRUK0628,4,0,0,0,4,0,0,0,0,3,1,0,1.97920471703359
CRUK0633,0,0,0,0,4,0,0,0,0,0,1,0,1.81472047760934
CRUK0634,0,0,1,0,0,0,0,0,3,1,1,0,2.97413209683438
CRUK0636,2,4,0,0,0,4,0,0,0,4,0,1,1.78710181617581
CRUK0638,0,0,0,0,0,1,0,0,0,1,0,1,3.73446431588244
CRUK0640,0,0,0,4,0,4,0,0,0,0,0,0,1.8554003410798
CRUK0642,0,0,0,0,4,0,4,0,0,4,1,0,1.86300849908637
CRUK0644,4,0,0,0,0,0,3,0,0,1,0,1,1.92791813150624
CRUK0649,0,0,0,0,0,0,0,0,0,0,0,0,1.77519833271134
CRUK0650,0,0,0,0,1,0,0,0,1,0,1,0,4.77825662665927
CRUK0655,0,0,4,0,0,0,0,4,4,0,1,0,2.13092798383605
CRUK0666,0,0,0,0,1,0,0,0,0,4,1,0,3.53943335575989
CRUK0667,0,0,0,0,1,0,0,0,3,1,1,0,2.75918193784403
CRUK0674,0,3,0,0,0,0,0,0,0,0,0,1,3.42186359466685
CRUK0678,1,0,0,0,0,0,1,0,0,1,1,0,3.43112491779262
CRUK0679,0,0,0,4,0,0,0,0,4,4,0,1,1.92917681952171
CRUK0680,0,0,0,0,1,1,0,0,1,0,1,0,3.79815002480031
CRUK0681,0,0,0,4,0,0,0,0,0,1,0,1,3.36099994975019
CRUK0682,0,3,0,0,0,0,0,0,0,1,0,1,3.45993969784773
CRUK0684,0,0,0,0,0,0,0,0,0,0,1,0,3.83119662459526
CRUK0686,0,0,1,0,0,0,0,0,0,1,0,1,3.0713987121247
CRUK0687,0,0,0,0,0,0,0,3,0,0,1,0,1.99295406512278
CRUK0691,0,0,3,0,0,0,0,0,0,1,0,1,3.16309785261103
CRUK0692,0,1,0,1,0,0,0,0,0,1,0,0,5.86165022853019
CRUK0693,0,0,0,0,0,2,0,0,0,1,1,0,2.68816552614645
CRUK0696,0,0,0,0,0,0,0,0,0,2,1,0,2.97442115595589
CRUK0698,0,0,1,0,0,0,0,0,1,1,0,0,5.39577482862979
CRUK0702,0,0,0,4,0,0,0,0,0,4,0,0,1.72575118565254
CRUK0704,0,0,0,0,1,0,0,0,0,1,1,0,3.5078556871668
CRUK0706,1,0,0,3,0,0,0,0,0,1,0,0,2.81705937693772
CRUK0707,4,0,1,0,0,0,0,0,1,1,1,0,3.37959732663031
CRUK0709,0,0,0,0,0,0,0,3,3,1,1,0,2.78447315951756
CRUK0710,0,0,0,0,0,0,0,0,0,1,0,1,3.28267750456181
CRUK0714,0,0,0,0,0,1,0,0,0,1,0,1,3.39054254198592
CRUK0715,0,0,0,0,0,0,0,0,0,0,1,0,1.83851016689621
CRUK0717,0,0,0,0,0,0,0,0,0,1,0,0,3.71151690920446
CRUK0718,0,0,0,0,0,0,0,0,0,1,0,0,1.78891415188283
CRUK0719,0,0,0,0,1,0,0,0,0,1,0,0,5.38883066439377
CRUK0721,4,4,0,0,0,0,0,0,0,4,1,1,1.91489020470744
CRUK0722,1,0,0,0,0,1,0,0,0,2,1,0,2.70864149495308
CRUK0729,0,0,1,0,0,0,0,0,0,1,0,1,5.20826739660408
CRUK0730,0,0,0,0,0,0,0,0,0,0,1,0,3.649451904353
CRUK0731,4,0,0,0,0,4,0,0,0,4,0,1,1.63290375838869
CRUK0733,0,0,0,0,0,0,0,0,0,1,1,0,3.37961540095164
CRUK0734,0,0,0,0,0,0,0,0,0,1,0,1,3.52831319957378
CRUK0735,0,0,0,0,0,0,0,0,1,0,0,0,3.28042402705973
CRUK0736,0,0,0,0,0,3,0,0,4,0,1,0,1.94666621045676
CRUK0737,0,0,0,0,0,0,0,0,0,1,0,1,3.22091231866472
CRUK0738,0,0,0,3,4,0,0,0,0,0,1,0,2.09857953301734
CRUK0741,0,0,0,0,4,3,0,0,0,0,1,0,2.04379817724742
CRUK0742,0,0,0,0,0,0,0,0,0,0,1,0,2.13066893575536
CRUK0745,0,0,0,0,0,0,0,0,0,1,1,0,2.76647238020695
CRUK0748,0,0,2,0,1,0,0,3,0,3,1,0,3.49503823322101
CRUK0749,0,1,0,0,0,0,0,0,0,4,0,1,1.833697038644
CRUK0753,0,0,0,0,0,0,0,0,0,1,1,0,1.95648855777761
CRUK0755,2,0,0,0,1,0,0,0,0,0,1,0,2.00253747228476
CRUK0756,0,0,0,0,1,0,0,0,1,0,1,0,3.86444296439945
CRUK0761,0,0,0,0,0,0,0,0,0,0,1,0,3.04107231061683
CRUK0762,0,0,0,0,0,0,0,0,0,1,1,0,3.5592283025586
CRUK0764,0,0,0,0,0,0,0,0,0,0,1,0,3.05230429060054
CRUK0766,0,0,0,0,1,0,0,0,0,1,1,0,3.04207757492426
CRUK0768,0,0,1,1,0,0,0,0,0,1,0,1,3.48116827696738
CRUK0769,0,0,0,3,0,0,0,0,1,1,0,0,3.06069281940493
CRUK0771,0,0,0,0,0,1,0,1,0,1,1,0,3.54985181325908
CRUK0772,0,0,0,0,0,0,0,0,0,1,0,1,3.10835623422724
CRUK0775,0,0,0,3,4,0,4,0,0,0,1,0,2.06791667690769
CRUK0784,0,0,0,0,0,0,0,0,0,2,0,1,3.30512936012689
CRUK0787,0,0,0,0,0,0,0,0,0,1,1,0,2.58347751512572
CRUK0788,0,0,0,0,4,0,0,0,0,0,1,0,1.98114714913195
CRUK0793,0,0,3,0,0,0,0,0,4,0,1,0,2.14615058113614
CRUK0794,0,0,0,0,0,0,0,0,0,3,1,0,3.83701409932615
CRUK0795,0,2,0,0,0,1,0,0,1,1,1,0,3.13132370530297
CRUK0799,0,3,0,0,1,0,1,3,0,3,1,0,2.3224170210218
CRUK0810,0,0,0,0,1,0,0,3,1,0,1,0,3.79449192640362
CRUK0817,0,0,0,0,0,1,0,0,3,1,1,0,4.50220315196736
CRUK0861,0,0,0,0,0,0,0,0,0,1,0,1,3.51453333974534
CRUK0864,0,0,0,0,1,0,0,0,0,0,1,0,3.55691304733118
CRUK0872,0,0,0,0,0,0,0,0,0,1,0,1,3.91949089753881
CRUK0881,0,0,0,0,1,1,0,0,0,3,1,0,4.18660988602908
CRUK0893,0,0,0,0,1,0,0,0,0,0,1,0,3.04868399428387
